Category,Keyword,Web_Page_URL,Tweet_Website,Author_Name,Author_Web_Page_URL,Tweet_Timestamp,Tweet_Time,Tweet_Content,Tweet_Image_URL,Tweet_Number_of_Likes,Tweet_Number_of_Retweets,Tweet_Number_of_Reviews,Retweet_or_not,Retweet_Original_Tweet_Content,Retweet_Original_Tweet_Poster,Retweet_Original_Tweet_Time,Retweet_Original_Tweet_PosterID
Post,,https://twitter.com/thekillers/status/1296825571561705474,https://twitter.com/thekillers/status/1296825571561705474/retweets,@thekillers,https://twitter.com/thekillers,1598022284000,2020-08-21 15:4:44,Imploding the Mirage is out now. Listen here: http://thekillers.lnk.to/Imploding-The-Mirage…,null,null,null,null,No,,,,
Post,,https://twitter.com/thekillers/status/1296825571561705474,https://twitter.com/Tendraftsdeep/status/1296836361249595393,@Tendraftsdeep,https://twitter.com/Tendraftsdeep,1598024857000,2020-08-21 15:47:37,"Great album, arguably your best in over 10 years.",null,1,,,No,,,,
Post,,https://twitter.com/thekillers/status/1296825571561705474,https://twitter.com/soonergridiron/status/1296906933887270914,@soonergridiron,https://twitter.com/soonergridiron,1598041683000,2020-08-21 20:28:3,null,null,,,,No,,,,
Post,,https://twitter.com/thekillers/status/1296825571561705474,https://twitter.com/implodedromance/status/1296825660250509319,,https://twitter.com/implodedromance,1598022305000,2020-08-21 15:5:5,LEGENDS,https://pbs.twimg.com/ext_tw_video_thumb/1245857343033749506/pu/img/iQEoRmYvxYul8gP-.jpg,53,7,,No,,,,
Post,,https://twitter.com/thekillers/status/1296825571561705474,https://twitter.com/debrabrown_/status/1296825718450663425,,https://twitter.com/debrabrown_,1598022319000,2020-08-21 15:5:19,Arrived today. ,https://pbs.twimg.com/media/Ef9AHhxXsAk_sPj?format=jpg&name=small,33,,4,No,,,,
Post,,https://twitter.com/thekillers/status/1296825571561705474,https://twitter.com/thecrestedrose/status/1296825832728600582,,https://twitter.com/thecrestedrose,1598022347000,2020-08-21 15:5:47,ALBUM OF THE YEAR,https://pbs.twimg.com/card_img/1651490352321245186/1GHghq-6?format=jpg&name=240x240,15,,,No,,,,
Post,,https://twitter.com/thekillers/status/1296825571561705474,https://twitter.com/thecrestedrose/status/1296825887854338048,,https://twitter.com/thecrestedrose,1598022360000,2020-08-21 15:6:0,YOUR BEST SINCE SAM'S TOWN,https://pbs.twimg.com/card_img/1651490352321245186/1GHghq-6?format=jpg&name=240x240,23,,1,No,,,,
Post,,https://twitter.com/thekillers/status/1296825571561705474,https://twitter.com/proseccopunch/status/1296825904224641026,,https://twitter.com/proseccopunch,1598022364000,2020-08-21 15:6:4,Congratulations on the new album!!! Really really good stuff!!!! 10/10 BANGERS!! ,null,6,,,No,,,,
Post,,https://twitter.com/thekillers/status/1296825571561705474,https://twitter.com/JaredClarksonPR/status/1296825985199988738,,https://twitter.com/JaredClarksonPR,1598022383000,2020-08-21 15:6:23,The Killers dropping #ImplodingTheMirage,null,8,,,No,,,,
Post,,https://twitter.com/thekillers/status/1296825571561705474,https://twitter.com/dickless99boy/status/1296825995123712001,,https://twitter.com/dickless99boy,1598022385000,2020-08-21 15:6:25,Grammys here we go,null,5,,,No,,,,
Post,,https://twitter.com/thekillers/status/1296825571561705474,https://twitter.com/saracal94670866/status/1296826011594760193,,https://twitter.com/saracal94670866,1598022389000,2020-08-21 15:6:29,It’s fantastic.  Been listening to it all day.  Love the album version of Blowback even more than the acoustic version you did on CBS and I didn’t think that was possible,null,7,,,No,,,,
Post,,https://twitter.com/thekillers/status/1296825571561705474,https://twitter.com/humanransomnot3/status/1296826052854124545,,https://twitter.com/humanransomnot3,1598022399000,2020-08-21 15:6:39,null,https://pbs.twimg.com/media/Ef9AZfvXsAApa7_?format=jpg&name=small,195,29,,No,,,,
Post,,https://twitter.com/thekillers/status/1296825571561705474,https://twitter.com/tkillersmusic/status/1296826134223622145,,https://twitter.com/tkillersmusic,1598022418000,2020-08-21 15:6:58,ANTHEM AFTER ANTHEM. ,null,22,,,No,,,,
Post,,https://twitter.com/thekillers/status/1296825571561705474,https://twitter.com/thecrestedrose/status/1296826162954600450,,https://twitter.com/thecrestedrose,1598022425000,2020-08-21 15:7:5,THE BEST YOU'VE BEEN IN A DECADE,null,31,6,2,No,,,,
Post,,https://twitter.com/thekillers/status/1296825571561705474,https://twitter.com/flowersrbrandon/status/1296826189471002627,,https://twitter.com/flowersrbrandon,1598022432000,2020-08-21 15:7:12,yes indeed,null,25,7,,No,,,,
Post,,https://twitter.com/thekillers/status/1296825571561705474,https://twitter.com/killershistory/status/1296826232739377157,,https://twitter.com/killershistory,1598022442000,2020-08-21 15:7:22,"Yeah. It’s alright*

*spectacular *beautiful *astounding *staggering *breathtaking *remarkable *outstanding",null,59,1,,No,,,,
Post,,https://twitter.com/thekillers/status/1296825571561705474,https://twitter.com/melinaaesquivel/status/1296825619548983297,,https://twitter.com/melinaaesquivel,1598022296000,2020-08-21 15:4:56,los amooo,null,,,,No,,,,
Post,,https://twitter.com/thekillers/status/1296825571561705474,https://twitter.com/Wertz53/status/1296825627757117447,,https://twitter.com/Wertz53,1598022298000,2020-08-21 15:4:58,masterpiece.,null,,,,No,,,,
Post,,https://twitter.com/thekillers/status/1296825571561705474,https://twitter.com/NoahWeygandt/status/1296825657457086465,,https://twitter.com/NoahWeygandt,1598022305000,2020-08-21 15:5:5,It’s pretty good,null,,,,No,,,,
Post,,https://twitter.com/thekillers/status/1296825571561705474,https://twitter.com/adritrevinog/status/1296825662217519106,,https://twitter.com/adritrevinog,1598022306000,2020-08-21 15:5:6,Epic,null,,,,No,,,,
Post,,https://twitter.com/thekillers/status/1296825571561705474,https://twitter.com/ariaLiverpal/status/1296825688905973763,,https://twitter.com/ariaLiverpal,1598022312000,2020-08-21 15:5:12,Está maravilhoso,null,,,,No,,,,
Post,,https://twitter.com/thekillers/status/1296825571561705474,https://twitter.com/nikki_jay/status/1296825691850170368,,https://twitter.com/nikki_jay,1598022313000,2020-08-21 15:5:13,Absolutely LOVE IT!! ,null,,,,No,,,,
Post,,https://twitter.com/thekillers/status/1296825571561705474,https://twitter.com/VegasDubNation/status/1296825740109864960,,https://twitter.com/VegasDubNation,1598022324000,2020-08-21 15:5:24,"Yes! We’ve waited so long! Thanks, boys!",null,,,,No,,,,
Post,,https://twitter.com/thekillers/status/1296825571561705474,https://twitter.com/promiserendpty/status/1296826435580178433,,https://twitter.com/promiserendpty,1598022490000,2020-08-21 15:8:10,it's.... amazing ,null,,,,No,,,,
Post,,https://twitter.com/thekillers/status/1296825571561705474,https://twitter.com/Belisa150101/status/1296826546582433792,,https://twitter.com/Belisa150101,1598022517000,2020-08-21 15:8:37,,null,,,,No,,,,
Post,,https://twitter.com/thekillers/status/1296825571561705474,https://twitter.com/kbrowneee/status/1296826630900535296,,https://twitter.com/kbrowneee,1598022537000,2020-08-21 15:8:57,I love it so much!!!! Thank you for giving us another amazing album! ,null,1,,,No,,,,
Post,,https://twitter.com/thekillers/status/1296825571561705474,https://twitter.com/OCayoPereira/status/1296826654791217152,,https://twitter.com/OCayoPereira,1598022543000,2020-08-21 15:9:3,love you guys ,null,2,,,No,,,,
Post,,https://twitter.com/thekillers/status/1296825571561705474,https://twitter.com/tk2020br/status/1296826671862026243,,https://twitter.com/tk2020br,1598022547000,2020-08-21 15:9:7,"I'm beyond words. this record is amazing. After the sour taste brought by WW, it's the best comeback ever.

It's so different from Hot Fuss/Sam's Town and so fresh. Thank you so much, and please bring Dave back for TK7 ",null,20,,1,No,,,,
Post,,https://twitter.com/thekillers/status/1296825571561705474,https://twitter.com/CSaraiF/status/1296826712215429125,,https://twitter.com/CSaraiF,1598022556000,2020-08-21 15:9:16,"HOLY SHIT THANK GOD FOR THIS.
YOU WILL SAVE THE YEAR THANKS YOU.",null,,,,No,,,,
Post,,https://twitter.com/thekillers/status/1296825571561705474,https://twitter.com/AiluxRevenge/status/1296826768704364549,,https://twitter.com/AiluxRevenge,1598022570000,2020-08-21 15:9:30,"Es un álbum excelente, ya lo escuché varias veces. Estoy enamorada  es sublime! Me encanta Running towards a place. Creo que después de Sams town, viene este álbum como el segundo preferido ♡ Los amo",null,,,,No,,,,
Post,,https://twitter.com/thekillers/status/1296825571561705474,https://twitter.com/t_hekillersfan/status/1296826789734604800,,https://twitter.com/t_hekillersfan,1598022575000,2020-08-21 15:9:35,Joyita de disco ,null,7,,,No,,,,
Post,,https://twitter.com/thekillers/status/1296825571561705474,https://twitter.com/103amf/status/1296826820235599875,,https://twitter.com/103amf,1598022582000,2020-08-21 15:9:42,Fantastic album cant stop listening x,null,,,,No,,,,
Post,,https://twitter.com/thekillers/status/1296825571561705474,https://twitter.com/PatrickKellihe2/status/1296826858713956358,,https://twitter.com/PatrickKellihe2,1598022591000,2020-08-21 15:9:51,"not good. I miss the old alt rock, killers back when Brandon was actually cool. Now they’re just run of the mill christian pop. I officially hate my favorite bands music now ",null,19,1,14,No,,,,
Post,,https://twitter.com/thekillers/status/1296825571561705474,https://twitter.com/Pink_DirtyNeon/status/1296826902150340608,,https://twitter.com/Pink_DirtyNeon,1598022602000,2020-08-21 15:10:2,Love it!,null,5,,,No,,,,
Post,,https://twitter.com/thekillers/status/1296825571561705474,https://twitter.com/killermuses/status/1296826925592150017,,https://twitter.com/killermuses,1598022607000,2020-08-21 15:10:7,null,null,1,,,No,,,,
Post,,https://twitter.com/thekillers/status/1296825571561705474,https://twitter.com/Indounik/status/1296826933125103618,,https://twitter.com/Indounik,1598022609000,2020-08-21 15:10:9,Listening now...for the second time. ,null,,,,No,,,,
Post,,https://twitter.com/thekillers/status/1296825571561705474,https://twitter.com/thecrestedrose/status/1296826952536461319,,https://twitter.com/thecrestedrose,1598022614000,2020-08-21 15:10:14,you have saved 2020,null,38,,,No,,,,
Post,,https://twitter.com/thekillers/status/1296825571561705474,https://twitter.com/sarahbalkeyy/status/1296827181780402178,,https://twitter.com/sarahbalkeyy,1598022668000,2020-08-21 15:11:8,iconsss love it,null,,,,No,,,,
Post,,https://twitter.com/thekillers/status/1296825571561705474,https://twitter.com/CSaraiF/status/1296827224516169728,,https://twitter.com/CSaraiF,1598022678000,2020-08-21 15:11:18,"HI, IT'S ME AGAIN.
PLEASE PLAY BE STILL IN MEXICO CITY.  I'M BEGINNING YOU. ",null,,,,No,,,,
Post,,https://twitter.com/thekillers/status/1296825571561705474,https://twitter.com/DroneGeometric/status/1296827300336435200,,https://twitter.com/DroneGeometric,1598022696000,2020-08-21 15:11:36,"Happy release day!! 
Beautiful masterpiece!",null,,,,No,,,,
Post,,https://twitter.com/thekillers/status/1296825571561705474,https://twitter.com/alexina_regu/status/1296827366690312192,,https://twitter.com/alexina_regu,1598022712000,2020-08-21 15:11:52,I'm listening now.,null,,,,No,,,,
Post,,https://twitter.com/thekillers/status/1296825571561705474,https://twitter.com/ariels7/status/1296827444075397121,,https://twitter.com/ariels7,1598022731000,2020-08-21 15:12:11,null,null,,,,No,,,,
Post,,https://twitter.com/thekillers/status/1296825571561705474,https://twitter.com/ChristaLouiseH/status/1296827742747537411,,https://twitter.com/ChristaLouiseH,1598022802000,2020-08-21 15:13:22,Loving it ,null,,,,No,,,,
Post,,https://twitter.com/thekillers/status/1296825571561705474,https://twitter.com/wilflucas/status/1296827903083073537,,https://twitter.com/wilflucas,1598022840000,2020-08-21 15:14:0,null,null,3,,,No,,,,
Post,,https://twitter.com/thekillers/status/1296825571561705474,https://twitter.com/DalnimJae/status/1296828050831802368,,https://twitter.com/DalnimJae,1598022875000,2020-08-21 15:14:35,"MASTER PIECE!!!!!! THANK U BRANDON !!! , THANKS RONNIE!!!",null,,,,No,,,,
Post,,https://twitter.com/thekillers/status/1296825571561705474,https://twitter.com/AuroraNeonTiger/status/1296828124068487168,,https://twitter.com/AuroraNeonTiger,1598022893000,2020-08-21 15:14:53,Yaaaaaas ,null,,,,No,,,,
Post,,https://twitter.com/thekillers/status/1296825571561705474,https://twitter.com/JerileeBS/status/1296828156167495681,,https://twitter.com/JerileeBS,1598022900000,2020-08-21 15:15:0,Love it!!! It's a master piece!!!,null,,,,No,,,,
Post,,https://twitter.com/thekillers/status/1296825571561705474,https://twitter.com/eternvlsummer/status/1296828197183672325,,https://twitter.com/eternvlsummer,1598022910000,2020-08-21 15:15:10,THANK U THANK U THANK U THANK U THANK U THANK U THANK U THANK U THANK U THANK U THANK U THANK U THANK U THANK U THANK U THANK U THANK U THANK U THANK U THANK U THANK U THANK U THANK U THANK U THANK U THANK U THANK U THANK U THANK U THANK U THANK U THANK U,null,,,,No,,,,
Post,,https://twitter.com/thekillers/status/1296825571561705474,https://twitter.com/100mphvomit/status/1296828431452254208,,https://twitter.com/100mphvomit,1598022966000,2020-08-21 15:16:6,After reading the interview about why members went on hiatus and the direction it seems to me that Brandon doesn’t realize they made their own legacy sound and he has to quit chasing someone else’s mainly Bruce Springsteen. These last two records just aren’t “Killers” albums.,null,6,,2,No,,,,
Post,,https://twitter.com/thekillers/status/1296825571561705474,https://twitter.com/tk2020br/status/1296828489186803714,,https://twitter.com/tk2020br,1598022980000,2020-08-21 15:16:20,MY GOD JUST LOOK WHO'S BACK IN BUSINESS,null,12,,,No,,,,
Post,,https://twitter.com/thekillers/status/1296825571561705474,https://twitter.com/mbaff/status/1296828882432274432,,https://twitter.com/mbaff,1598023074000,2020-08-21 15:17:54,"@americanslang21
 listening now. really really good.",null,1,,1,No,,,,
Post,,https://twitter.com/thekillers/status/1296825571561705474,https://twitter.com/ACPGPodcast/status/1296830960181420032,,https://twitter.com/ACPGPodcast,1598023569000,2020-08-21 15:26:9,"@davekeuning
",https://pbs.twimg.com/profile_images/873448433398538241/k16CmY4K_mini.jpg,3,1,,Yes,"NEW EP ALERT - in our last interview of the season, we spoke to the amazing @davekeuning of Keuning and @thekillers 

Get your free link here

Apple - https://podcasts.apple.com/gb/podcast/anyone-can-play-guitar/id1301516056#episodeGuid=ed03ef1c-05fe-41b5-9408-a95f0cd42d03…

Andriod - https://stitcher.com/podcast/anyone-can-play-guitar…

Our site - https://acpgmusic.com/episode082

#thekillers #davekeuning #music",ACPG Podcast,"Jun 16, 2020",@ACPGPodcast
Post,,https://twitter.com/thekillers/status/1296825571561705474,https://twitter.com/YoSoyJuanIsaac/status/1296833255954669568,,https://twitter.com/YoSoyJuanIsaac,1598024116000,2020-08-21 15:35:16,"@Gooxander23
 
@freddmz
 no Les digo más...",null,,,2,No,,,,
Post,,https://twitter.com/thekillers/status/1296825571561705474,https://twitter.com/nadislu/status/1296836577319178240,,https://twitter.com/nadislu,1598024908000,2020-08-21 15:48:28,Thanks for being the light in my life ,null,2,,,No,,,,
Post,,https://twitter.com/thekillers/status/1296825571561705474,https://twitter.com/Frankalein/status/1296838315895853058,,https://twitter.com/Frankalein,1598025323000,2020-08-21 15:55:23,I love it so much!!  Congratulations on release day!! ,null,2,,,No,,,,
Post,,https://twitter.com/thekillers/status/1296825571561705474,https://twitter.com/MarieCeltic/status/1296844805268537345,,https://twitter.com/MarieCeltic,1598026870000,2020-08-21 16:21:10,It’s completely stunning! Be proud.  The star constellations in the new MOSW video makes me think of the beauty of Dylan’s poem ‘ And Death Shall Have No Dominion’ ’With the man in the wind and the west moon...’   ‘They shall have stars at elbow and foot...’,null,3,,,No,,,,
Post,,https://twitter.com/thekillers/status/1296825571561705474,https://twitter.com/javimarquezzz/status/1296849010112618497,,https://twitter.com/javimarquezzz,1598027872000,2020-08-21 16:37:52,Probably the best album since Sam’s Town. Tbh it’s better than Sam’s Town don’t @ me,null,2,,,No,,,,
Post,,https://twitter.com/thekillers/status/1296825571561705474,https://twitter.com/debrabrown_/status/1296853240911454209,,https://twitter.com/debrabrown_,1598028881000,2020-08-21 16:54:41,First listen here...,https://pbs.twimg.com/media/Ef9ZJiZXoAc531Q?format=jpg&name=small,3,,,No,,,,
Post,,https://twitter.com/thekillers/status/1296825571561705474,https://twitter.com/champagnesooper/status/1296853815426195461,,https://twitter.com/champagnesooper,1598029018000,2020-08-21 16:56:58,"Mine arrived today. Friday night will be spent blasting this out, sinking a shed load of chocolate and wine.",null,10,,,No,,,,
Post,,https://twitter.com/thekillers/status/1296825571561705474,https://twitter.com/TimLohr77/status/1296854489803239424,,https://twitter.com/TimLohr77,1598029179000,2020-08-21 16:59:39,So you guys discovered the Synth Wave/New Retro Wave scene that's been around for like 10 years? ...way to cash in,null,,,5,No,,,,
Post,,https://twitter.com/thekillers/status/1296825571561705474,https://twitter.com/blacey73/status/1296855478530715649,,https://twitter.com/blacey73,1598029415000,2020-08-21 17:3:35,What an amazing album! ,null,2,,1,No,,,,
Post,,https://twitter.com/thekillers/status/1296825571561705474,https://twitter.com/Ginaaar7/status/1296865368624050182,,https://twitter.com/Ginaaar7,1598031773000,2020-08-21 17:42:53,"@cinematicvision
 your favourite part ",null,1,,1,No,,,,
Post,,https://twitter.com/thekillers/status/1296825571561705474,https://twitter.com/nelebriquelme/status/1296867104944279558,,https://twitter.com/nelebriquelme,1598032187000,2020-08-21 17:49:47,@sanieayal ,null,1,,1,No,,,,
Post,,https://twitter.com/thekillers/status/1296825571561705474,https://twitter.com/DoctorAguilas/status/1296869699045793795,,https://twitter.com/DoctorAguilas,1598032805000,2020-08-21 18:0:5,"As a huge 
@thekillers
 fan I have to say, #ImplodingTheMirage is the weakest album from the band to date, I guess I've just been spoiled by them. Like I said I'm a huge fan so I'll give them a mulligan on this one.",null,4,,,No,,,,
Post,,https://twitter.com/thekillers/status/1296825571561705474,https://twitter.com/_Juilz_/status/1296872237241335809,,https://twitter.com/_Juilz_,1598033410000,2020-08-21 18:10:10,YOU HAVE BEWITCHED ME BODY AND SOUL. And breathed some much needed air into my lungs. It’s masterfully arranged. Lightning Fields reminds me of Duran Duran. May God bless you for your contributions to all our weary souls. Seriously.,null,3,,1,No,,,,
Post,,https://twitter.com/thekillers/status/1296825571561705474,https://twitter.com/TheEhren/status/1296893816750968832,,https://twitter.com/TheEhren,1598038555000,2020-08-21 19:35:55,I’m reviewing it on my podcast tonight ,null,2,,,No,,,,
Post,,https://twitter.com/thekillers/status/1296825571561705474,https://twitter.com/CailinONeil/status/1296901983429971968,,https://twitter.com/CailinONeil,1598040502000,2020-08-21 20:8:22,"@itsagifnotagif
 ",null,1,,1,No,,,,
Post,,https://twitter.com/thekillers/status/1296825571561705474,https://twitter.com/iloveblink182/status/1296908646471929857,,https://twitter.com/iloveblink182,1598042091000,2020-08-21 20:34:51,"I picked up my copy this morning at 
@rlnstonesmusic
! If anyone in Chicago or the suburbs are looking for a copy hit them up! The album is solid front to back, current favorites are “blowback”, “my god”, & “my own soul’s warning” ",https://pbs.twimg.com/media/Ef-LiWeWAAANIBn?format=jpg&name=small,1,,1,No,,,,
Post,,https://twitter.com/thekillers/status/1296825571561705474,https://twitter.com/SeanycahillSPRT/status/1296912298339172352,,https://twitter.com/SeanycahillSPRT,1598042962000,2020-08-21 20:49:22,"Here comes the ""their old stuff was better"" herd",null,2,,,No,,,,
Post,,https://twitter.com/thekillers/status/1296825571561705474,https://twitter.com/anthonyconnery/status/1296913022884237312,,https://twitter.com/anthonyconnery,1598043134000,2020-08-21 20:52:14,"@HennessyAndrew
",null,1,,1,No,,,,
Post,,https://twitter.com/thekillers/status/1296825571561705474,https://twitter.com/breathecarold/status/1296829116868591616,,https://twitter.com/breathecarold,1598023130000,2020-08-21 15:18:50,Obrigada ,null,,,,No,,,,
Post,,https://twitter.com/thekillers/status/1296825571561705474,https://twitter.com/onlytonightt/status/1296829235353575426,,https://twitter.com/onlytonightt,1598023158000,2020-08-21 15:19:18,I loved it. The last time you came to Brazil you promised us it wouldn’t take so long to return. Can we wait for a concert in 2021 or maybe lollapalooza 2022?,null,1,,,No,,,,
Post,,https://twitter.com/thekillers/status/1296825571561705474,https://twitter.com/KarastKaith/status/1296829597179416576,,https://twitter.com/KarastKaith,1598023244000,2020-08-21 15:20:44,"@BelmonteMarie1
",null,1,,,No,,,,
Post,,https://twitter.com/thekillers/status/1296825571561705474,https://twitter.com/brandivaflowers/status/1296830524653105154,,https://twitter.com/brandivaflowers,1598023465000,2020-08-21 15:24:25,GRACIAS POR EXISTIR Y DARME GANAS DE VIVIR ,null,,,,No,,,,
Post,,https://twitter.com/thekillers/status/1296825571561705474,https://twitter.com/GweenPepper/status/1296831337681256448,,https://twitter.com/GweenPepper,1598023659000,2020-08-21 15:27:39,New favorite album right next to Battle Born,null,1,,,No,,,,
Post,,https://twitter.com/thekillers/status/1296825571561705474,https://twitter.com/worldmarooner/status/1296831838552576000,,https://twitter.com/worldmarooner,1598023778000,2020-08-21 15:29:38,I REALLY LOVE IT OMFGGGGG IT'S SO PERFECT. THANKS FOR THIS.,null,1,,,No,,,,
Post,,https://twitter.com/thekillers/status/1296825571561705474,https://twitter.com/ivandercs/status/1296835432286547970,,https://twitter.com/ivandercs,1598024635000,2020-08-21 15:43:55,"@mediocrickey
",null,,,1,No,,,,
Post,,https://twitter.com/thekillers/status/1296825571561705474,https://twitter.com/itsjulialeblanc/status/1296836498038415364,,https://twitter.com/itsjulialeblanc,1598024889000,2020-08-21 15:48:9,"@JooceCM
",null,,,1,No,,,,
Post,,https://twitter.com/thekillers/status/1296825571561705474,https://twitter.com/LSal92/status/1296852682817146880,,https://twitter.com/LSal92,1598028748000,2020-08-21 16:52:28,This is a realllly great album. I am so proud!!!! Love you guys.,null,1,,,No,,,,
Post,,https://twitter.com/thekillers/status/1296825571561705474,https://twitter.com/DCoxy75/status/1296860103635861504,,https://twitter.com/DCoxy75,1598030517000,2020-08-21 17:21:57,Really like the new album only slight disappointment for me is why blowback is recorded with synths I like the version stripped back with just the piano playing the melody ,null,1,,,No,,,,
Post,,https://twitter.com/thekillers/status/1296825571561705474,https://twitter.com/samberrie/status/1296861814584537088,,https://twitter.com/samberrie,1598030925000,2020-08-21 17:28:45,"@lavenderliquor
",null,,,1,No,,,,
Post,,https://twitter.com/thekillers/status/1296825571561705474,https://twitter.com/SalSandster/status/1296863957437816834,,https://twitter.com/SalSandster,1598031436000,2020-08-21 17:37:16,"@http_ChaiTea
",null,1,,,No,,,,
Post,,https://twitter.com/thekillers/status/1296825571561705474,https://twitter.com/rola_rodmor/status/1296831111939710977,,https://twitter.com/rola_rodmor,1598023605000,2020-08-21 15:26:45,"congratulations on the new album, your music is always brilliant",null,,,,No,,,,
Post,,https://twitter.com/thekillers/status/1296825571561705474,https://twitter.com/Cpims/status/1296831191258210306,,https://twitter.com/Cpims,1598023624000,2020-08-21 15:27:4,Goddamn that cowboy hat ,null,,,,No,,,,
Post,,https://twitter.com/thekillers/status/1296825571561705474,https://twitter.com/ValeriaACuevas/status/1296831558905556997,,https://twitter.com/ValeriaACuevas,1598023712000,2020-08-21 15:28:32,@nataliaperezhdz ,null,,,,No,,,,
Post,,https://twitter.com/thekillers/status/1296825571561705474,https://twitter.com/killers_victim/status/1296832073160724481,,https://twitter.com/killers_victim,1598023834000,2020-08-21 15:30:34,Only good news of 2020! Thank you!,null,,,,No,,,,
Post,,https://twitter.com/thekillers/status/1296825571561705474,https://twitter.com/Kazziwaz/status/1296832231781142535,,https://twitter.com/Kazziwaz,1598023872000,2020-08-21 15:31:12,"Fantastic album, well worth the wait. Can't wait to hear these songs live ",null,,,,No,,,,
Post,,https://twitter.com/thekillers/status/1296825571561705474,https://twitter.com/Pinky72332805/status/1296832258742124547,,https://twitter.com/Pinky72332805,1598023879000,2020-08-21 15:31:19,Hasn't arrived yet but listend about 400000 times on deezer and promptly got my old vegas photos out from when I saw u at the cosmopolitan ,null,,,,No,,,,
Post,,https://twitter.com/thekillers/status/1296825571561705474,https://twitter.com/Alessandra1739/status/1296832572882849793,,https://twitter.com/Alessandra1739,1598023954000,2020-08-21 15:32:34,"the best band, simply amazing album",null,,,,No,,,,
Post,,https://twitter.com/thekillers/status/1296825571561705474,https://twitter.com/MrsChrissyG83/status/1296834079506280449,,https://twitter.com/MrsChrissyG83,1598024313000,2020-08-21 15:38:33,"Was well worth the wait. Love it, love it, love it!!! ",null,,,,No,,,,
Post,,https://twitter.com/thekillers/status/1296825571561705474,https://twitter.com/HabyCloud/status/1296834214063681539,,https://twitter.com/HabyCloud,1598024345000,2020-08-21 15:39:5,"After a long wait I'm finally listening to it, it's great.",null,,,,No,,,,
Post,,https://twitter.com/thekillers/status/1296825571561705474,https://twitter.com/tuanicarvalho/status/1296834690712821760,,https://twitter.com/tuanicarvalho,1598024458000,2020-08-21 15:40:58,EU AMO VOCÊS CARALHO QUE INFERNO,null,,,,No,,,,
Post,,https://twitter.com/thekillers/status/1296825571561705474,https://twitter.com/marcela47717292/status/1296834870107353088,,https://twitter.com/marcela47717292,1598024501000,2020-08-21 15:41:41,Qué maravilla!!!!,null,,,,No,,,,
Post,,https://twitter.com/thekillers/status/1296825571561705474,https://twitter.com/ElenaJanee/status/1296834913522651138,,https://twitter.com/ElenaJanee,1598024512000,2020-08-21 15:41:52,CD arrived today! ,null,,,,No,,,,
Post,,https://twitter.com/thekillers/status/1296825571561705474,https://twitter.com/traldL/status/1296835099636506627,,https://twitter.com/traldL,1598024556000,2020-08-21 15:42:36,LINDOS EU TE AMOO,null,,,,No,,,,
Post,,https://twitter.com/thekillers/status/1296825571561705474,https://twitter.com/BbJing23/status/1296835219035754496,,https://twitter.com/BbJing23,1598024584000,2020-08-21 15:43:4,"Congratulations! Something to look forward to June 2021 to watch you perform this album live 
@Mozgurl
",null,,,,No,,,,
Post,,https://twitter.com/thekillers/status/1296825571561705474,https://twitter.com/kaneboarder15/status/1296837457124745216,,https://twitter.com/kaneboarder15,1598025118000,2020-08-21 15:51:58,Album of the Year!,null,,,,No,,,,
Post,,https://twitter.com/thekillers/status/1296825571561705474,https://twitter.com/NhlanhlaMajozi/status/1296838438327648256,,https://twitter.com/NhlanhlaMajozi,1598025352000,2020-08-21 15:55:52,So good ,null,,,,No,,,,
Post,,https://twitter.com/thekillers/status/1296825571561705474,https://twitter.com/EdieHilt/status/1296838680598978562,,https://twitter.com/EdieHilt,1598025410000,2020-08-21 15:56:50,Really cheered me up- and to hear KD Lang was the icing on the cake!!,null,,,,No,,,,
Post,,https://twitter.com/thekillers/status/1296825571561705474,https://twitter.com/serchster/status/1296840048193740808,,https://twitter.com/serchster,1598025736000,2020-08-21 16:2:16,Listening right now,null,,,,No,,,,
Post,,https://twitter.com/thekillers/status/1296825571561705474,https://twitter.com/JingleJinki/status/1296840730162405380,,https://twitter.com/JingleJinki,1598025898000,2020-08-21 16:4:58,YEEESSSD!!! THE KILLLERRRSS!!!!!!!,null,,,,No,,,,
Post,,https://twitter.com/thekillers/status/1296825571561705474,https://twitter.com/Ashtontudios/status/1296844376191176710,,https://twitter.com/Ashtontudios,1598026768000,2020-08-21 16:19:28,Yaaaassss kings,null,,,,No,,,,
Post,,https://twitter.com/thekillers/status/1296825571561705474,https://twitter.com/GonzoVeritas/status/1296844468872773634,,https://twitter.com/GonzoVeritas,1598026790000,2020-08-21 16:19:50,What a GREAT sound!,null,,,,No,,,,
Post,,https://twitter.com/thekillers/status/1296825571561705474,https://twitter.com/veronicajen_s/status/1296844596580737024,,https://twitter.com/veronicajen_s,1598026820000,2020-08-21 16:20:20,OMG!!,null,,,,No,,,,
Post,,https://twitter.com/thekillers/status/1296825571561705474,https://twitter.com/aidanisagirl/status/1296845304302641159,,https://twitter.com/aidanisagirl,1598026989000,2020-08-21 16:23:9, it's fantastic,null,,,,No,,,,
Post,,https://twitter.com/thekillers/status/1296825571561705474,https://twitter.com/drelladuh/status/1296845306949140482,,https://twitter.com/drelladuh,1598026990000,2020-08-21 16:23:10,LOVE IT TO DEATH THANK YOU SO MUCH I'M SO PROUD OF YOU GUYS,null,,,,No,,,,
Post,,https://twitter.com/thekillers/status/1296825571561705474,https://twitter.com/I_AM_MISTER_V/status/1296846908481253377,,https://twitter.com/I_AM_MISTER_V,1598027371000,2020-08-21 16:29:31,Yep still got it ,null,,,,No,,,,
Post,,https://twitter.com/thekillers/status/1296825571561705474,https://twitter.com/matizekpl/status/1296848036036055040,,https://twitter.com/matizekpl,1598027640000,2020-08-21 16:34:0,null,null,,,,No,,,,
Post,,https://twitter.com/thekillers/status/1296825571561705474,https://twitter.com/dark_cloud_7/status/1296850042746281985,,https://twitter.com/dark_cloud_7,1598028119000,2020-08-21 16:41:59,"I'll do it and ahhhhh! 
It's so, so cool.
Thanks for that. Appreciate it. ",null,,,,No,,,,
Post,,https://twitter.com/thekillers/status/1296825571561705474,https://twitter.com/bunGIGIgum/status/1296850356408709121,,https://twitter.com/bunGIGIgum,1598028193000,2020-08-21 16:43:13,AAAAHHHHH,null,,,,No,,,,
Post,,https://twitter.com/thekillers/status/1296825571561705474,https://twitter.com/UATANABI_/status/1296850959746977792,,https://twitter.com/UATANABI_,1598028337000,2020-08-21 16:45:37,null,https://pbs.twimg.com/media/Ef9XEr3XYAITaiG?format=jpg&name=small,,,,No,,,,
Post,,https://twitter.com/thekillers/status/1296825571561705474,https://twitter.com/Billypye2012/status/1296851711605301248,,https://twitter.com/Billypye2012,1598028517000,2020-08-21 16:48:37,Just arrived in the post ,null,,,,No,,,,
Post,,https://twitter.com/thekillers/status/1296825571561705474,https://twitter.com/Avatar_Jack/status/1296852276083142663,,https://twitter.com/Avatar_Jack,1598028651000,2020-08-21 16:50:51,"@Ander44
 ",null,,,,No,,,,
Post,,https://twitter.com/thekillers/status/1296825571561705474,https://twitter.com/HumanNaturee_/status/1296853610878443520,,https://twitter.com/HumanNaturee_,1598028969000,2020-08-21 16:56:9,"Se ultra mamaron, gracias por tanto.",null,,,,No,,,,
Post,,https://twitter.com/thekillers/status/1296825571561705474,https://twitter.com/NiceguyDaniel92/status/1296853971370475521,,https://twitter.com/NiceguyDaniel92,1598029055000,2020-08-21 16:57:35,"@mtherofdragons
",null,,,,No,,,,
Post,,https://twitter.com/thekillers/status/1296825571561705474,https://twitter.com/crystal_albers/status/1296854274199171073,,https://twitter.com/crystal_albers,1598029128000,2020-08-21 16:58:48,It's amazing ,null,,,,No,,,,
Post,,https://twitter.com/thekillers/status/1296825571561705474,https://twitter.com/LizzyLeff/status/1296857937512665091,,https://twitter.com/LizzyLeff,1598030001000,2020-08-21 17:13:21,I'll have to hear the whole thing. I haven't liked anything they've done after the second album.,null,,,,No,,,,
Post,,https://twitter.com/thekillers/status/1296825571561705474,https://twitter.com/SoccerFrenchFry/status/1296858074356035586,,https://twitter.com/SoccerFrenchFry,1598030034000,2020-08-21 17:13:54,On repeat....,null,,,,No,,,,
Post,,https://twitter.com/thekillers/status/1296825571561705474,https://twitter.com/DrEspinosaTyO/status/1297000691614060550,,https://twitter.com/DrEspinosaTyO,1598064036000,2020-08-22 2:40:36,"I already got it, the sound and lyrics are incredible, Way to go!!!!!!",https://pbs.twimg.com/media/Ef_fQKDXsAUnw2M?format=jpg&name=small,2,,,No,,,,
Post,,https://twitter.com/thekillers/status/1296825571561705474,https://twitter.com/Mikedunning72/status/1297044156079104001,,https://twitter.com/Mikedunning72,1598074399000,2020-08-22 5:33:19,Pre ordered a long time ago to get pre release of concert tickets from Killers official store. Got tickets but no sign on album yet ,null,,,1,No,,,,
Post,,https://twitter.com/thekillers/status/1296825571561705474,https://twitter.com/tygertyger18/status/1297112551323512832,,https://twitter.com/tygertyger18,1598090706000,2020-08-22 10:5:6,The Killers became the Brandon Flowers domination show after their first two albums. Brandon needs someone to tell him to stop blanding out their sound with washy synths and get some hard rocking going on. The new album has some good tracks but is mostly generic Killers.,null,1,,,No,,,,
Post,,https://twitter.com/thekillers/status/1296825571561705474,https://twitter.com/itslaurenpage/status/1297126159591723008,,https://twitter.com/itslaurenpage,1598093950000,2020-08-22 10:59:10,"@GlenTheSboy
 I’m here for this",null,1,,1,No,,,,
Post,,https://twitter.com/thekillers/status/1296825571561705474,https://twitter.com/_12AD/status/1297175577204412421,,https://twitter.com/_12AD,1598105732000,2020-08-22 14:15:32,kinda im not feeling it yet im 32 tho,null,,,,No,,,,
Post,,https://twitter.com/thekillers/status/1296825571561705474,https://twitter.com/Blackstarbatty/status/1297176638686482434,,https://twitter.com/Blackstarbatty,1598105985000,2020-08-22 14:19:45,Lightning Fields is fantastic. I’m so glad you got a legend like KD Lang on that song. Her voice still gives me chills.,null,1,,,No,,,,
Post,,https://twitter.com/thekillers/status/1296825571561705474,https://twitter.com/oldmzney/status/1297239589804023808,,https://twitter.com/oldmzney,1598120994000,2020-08-22 18:29:54,"i'm so proud of you guys, the album is a masterpiece! thanks for your music",null,,,,No,,,,
Post,,https://twitter.com/thekillers/status/1296825571561705474,https://twitter.com/chriZZZzzzz_/status/1297241002869248000,,https://twitter.com/chriZZZzzzz_,1598121331000,2020-08-22 18:35:31,I didn't enjoy it,null,,,,No,,,,
Post,,https://twitter.com/thekillers/status/1296825571561705474,https://twitter.com/azbot720/status/1297263881820286977,,https://twitter.com/azbot720,1598126786000,2020-08-22 20:6:26,"Definitely not the killers (musically) this should of been a Brandon Flowers solo record, i want the band fully back together i don't mind if they don't all tour just musically it needs to be them, i don't think this is a bad brandon flowers album but I do from the killers.",null,,,,No,,,,
Post,,https://twitter.com/thekillers/status/1296825571561705474,https://twitter.com/BeidaZacoa/status/1297338462706769921,,https://twitter.com/BeidaZacoa,1598144567000,2020-08-23 1:2:47,"THANKS my lovelies for making this year BETTER! 
Tons of love from ARGENTINA ",null,,,,No,,,,
Post,,https://twitter.com/thekillers/status/1296825571561705474,https://twitter.com/itslaurenpage/status/1297126159591723008,,https://twitter.com/itslaurenpage,1598093950000,2020-08-22 10:59:10,@GlenTheSboy I’m here for this,null,1,,1,No,,,,
Post,,https://twitter.com/thekillers/status/1296825571561705474,https://twitter.com/LaPamGranados/status/1296861853344239616,,https://twitter.com/LaPamGranados,1598030935000,2020-08-21 17:28:55,null,null,,,,No,,,,
Post,,https://twitter.com/thekillers/status/1296825571561705474,https://twitter.com/GiniiSevilla/status/1296862734244610057,,https://twitter.com/GiniiSevilla,1598031145000,2020-08-21 17:32:25,Jujuuuuuuuy  me hacen más feliz ,null,,,,No,,,,
Post,,https://twitter.com/thekillers/status/1296825571561705474,https://twitter.com/stevegalla83/status/1296863104912044034,,https://twitter.com/stevegalla83,1598031233000,2020-08-21 17:33:53,Best album since Sam’s Town,null,,,,No,,,,
Post,,https://twitter.com/thekillers/status/1296825571561705474,https://twitter.com/tjsbandg/status/1296864705995317252,,https://twitter.com/tjsbandg,1598031615000,2020-08-21 17:40:15,Lightning fields with k.d. Lang sounds awesome,null,,,,No,,,,
Post,,https://twitter.com/thekillers/status/1296825571561705474,https://twitter.com/Blondeinboots67/status/1296864788765716481,,https://twitter.com/Blondeinboots67,1598031634000,2020-08-21 17:40:34,,null,,,,No,,,,
Post,,https://twitter.com/thekillers/status/1296825571561705474,https://twitter.com/Aikemedha/status/1296864983637200896,,https://twitter.com/Aikemedha,1598031681000,2020-08-21 17:41:21,"@Gui_pandolfi
",null,,,,No,,,,
Post,,https://twitter.com/thekillers/status/1296825571561705474,https://twitter.com/HarrisonWileyM/status/1296865320007860224,,https://twitter.com/HarrisonWileyM,1598031761000,2020-08-21 17:42:41,"Album title says it all, then again its not short of a miracle given the times.",null,,,,No,,,,
Post,,https://twitter.com/thekillers/status/1296825571561705474,https://twitter.com/DawnSPardo/status/1296868320709353472,,https://twitter.com/DawnSPardo,1598032476000,2020-08-21 17:54:36,Thank you for bringing a little joy to 2020. Great tunes! #ImplodingTheMirage,null,,,,No,,,,
Post,,https://twitter.com/thekillers/status/1296825571561705474,https://twitter.com/paulsabine/status/1296871221611700228,,https://twitter.com/paulsabine,1598033168000,2020-08-21 18:6:8,"My review of this album is me saying ""no wait, this is definitely my favourite"" 10 times......",null,,,,No,,,,
Post,,https://twitter.com/thekillers/status/1296825571561705474,https://twitter.com/techbizshea/status/1296876367934640128,,https://twitter.com/techbizshea,1598034395000,2020-08-21 18:26:35,Omg!!!! ,null,,,,No,,,,
Post,,https://twitter.com/thekillers/status/1296825571561705474,https://twitter.com/KeatingMeaghan/status/1296934082123829248,,https://twitter.com/KeatingMeaghan,1598048155000,2020-08-21 22:15:55,null,null,,,,No,,,,
Post,,https://twitter.com/thekillers/status/1296825571561705474,https://twitter.com/valiado69/status/1296936942613999617,,https://twitter.com/valiado69,1598048837000,2020-08-21 22:27:17,,null,,,,Yes,,,,
Post,,https://twitter.com/thekillers/status/1296825571561705474,https://twitter.com/UncoolKarina/status/1296938817568608256,,https://twitter.com/UncoolKarina,1598049284000,2020-08-21 22:34:44,omg!!!!!!!!!!! what decade is it?!?!?1 #myadolescence,null,,,,No,,,,
Post,,https://twitter.com/thekillers/status/1296825571561705474,https://twitter.com/Syzkzea/status/1296942223699910658,,https://twitter.com/Syzkzea,1598050096000,2020-08-21 22:48:16,Yeah!,null,,,,No,,,,
Post,,https://twitter.com/thekillers/status/1296825571561705474,https://twitter.com/78Secco/status/1296948985127735296,,https://twitter.com/78Secco,1598051708000,2020-08-21 23:15:8,"What an amazing album !!
 I listen to it all the time, beautiful 

Dying Breed my favorite....

#TheKillers #implodingthemirage #dyingbreed #amazing",null,,,,No,,,,
Post,,https://twitter.com/thekillers/status/1296825571561705474,https://twitter.com/starwitchtarot/status/1296954995850522625,,https://twitter.com/starwitchtarot,1598053141000,2020-08-21 23:39:1,Thank you for this masterpiece ,null,,,,No,,,,
Post,,https://twitter.com/thekillers/status/1296825571561705474,https://twitter.com/Melina07475772/status/1296982075170414593,,https://twitter.com/Melina07475772,1598059598000,2020-08-22 1:26:38,Awesome music therefore great album ,null,,,,No,,,,
Post,,https://twitter.com/thekillers/status/1296825571561705474,https://twitter.com/JuliaLezama/status/1296982255139614720,,https://twitter.com/JuliaLezama,1598059641000,2020-08-22 1:27:21,It’s Amazing! I’d love to listen to it in vinyl! It has 70’s vibes! I love it! Can’t wait to see you guys in concert again... one day!,null,,,,No,,,,
Post,,https://twitter.com/thekillers/status/1296825571561705474,https://twitter.com/magentatiffany/status/1296984958750228482,,https://twitter.com/magentatiffany,1598060285000,2020-08-22 1:38:5,Happy Weekend to meeeee!,null,,,,No,,,,
Post,,https://twitter.com/thekillers/status/1296825571561705474,https://twitter.com/Syahire_/status/1296989856648708097,,https://twitter.com/Syahire_,1598061453000,2020-08-22 1:57:33,I didn't like it. Sounds so all over the place. I want to like it so bad   :(,null,,,,No,,,,
Post,,https://twitter.com/thekillers/status/1296825571561705474,https://twitter.com/AleqCavill/status/1296877368066412544,,https://twitter.com/AleqCavill,1598034634000,2020-08-21 18:30:34,When i listen to the new album #ImplodingTheMirage #thekillers,null,,,,No,,,,
Post,,https://twitter.com/thekillers/status/1296825571561705474,https://twitter.com/jadu_sheridan/status/1296877741414002690,,https://twitter.com/jadu_sheridan,1598034723000,2020-08-21 18:32:3,Love it and the artwork!,null,,,,No,,,,
Post,,https://twitter.com/thekillers/status/1296825571561705474,https://twitter.com/anthonycooney/status/1296878675867119617,,https://twitter.com/anthonycooney,1598034945000,2020-08-21 18:35:45,I keep hearing “I Ran” by the flock of seagulls. Great track.,null,,,,No,,,,
Post,,https://twitter.com/thekillers/status/1296825571561705474,https://twitter.com/DMiliaresis/status/1296878744007843840,,https://twitter.com/DMiliaresis,1598034962000,2020-08-21 18:36:2,A silver lining for 2020!!!,null,,,,No,,,,
Post,,https://twitter.com/thekillers/status/1296825571561705474,https://twitter.com/romancedlaurent/status/1296879909277773826,,https://twitter.com/romancedlaurent,1598035239000,2020-08-21 18:40:39,"Just in time for fresher's week. If I squint, pour beer all over my living room and jump up and down 'til I'm sick, I might get close to being 19 again.  Loving this album already! #ImplodingTheMirage #mumlife",null,,,,No,,,,
Post,,https://twitter.com/thekillers/status/1296825571561705474,https://twitter.com/Notlj98/status/1296882376312786950,,https://twitter.com/Notlj98,1598035828000,2020-08-21 18:50:28,In love   ,null,,,,No,,,,
Post,,https://twitter.com/thekillers/status/1296825571561705474,https://twitter.com/AMvanHolst/status/1296884802340245506,,https://twitter.com/AMvanHolst,1598036406000,2020-08-21 19:0:6,"THANK YOU for imploding the mirage

A true gift overflowing with love, meaning, optimism, determination, devotion, faith, mysticism, hope, and a freaking vibe. I am touched from beginning to end without missing a word or beat. Sooooo proud of you!!! So much you, true, CU ",null,,,,No,,,,
Post,,https://twitter.com/thekillers/status/1296825571561705474,https://twitter.com/soIatte/status/1296885196265066597,,https://twitter.com/soIatte,1598036500000,2020-08-21 19:1:40,FUCK,null,,,,No,,,,
Post,,https://twitter.com/thekillers/status/1296825571561705474,https://twitter.com/Paul97128230/status/1296885353194958855,,https://twitter.com/Paul97128230,1598036537000,2020-08-21 19:2:17,"Some love it some like it some hate it as always , I personally think it's very good ,just play it loud",null,,,,No,,,,
Post,,https://twitter.com/thekillers/status/1296825571561705474,https://twitter.com/28BrothersnArms/status/1296885773938110464,,https://twitter.com/28BrothersnArms,1598036638000,2020-08-21 19:3:58,His cowboy boots ,null,,,,No,,,,
Post,,https://twitter.com/thekillers/status/1296825571561705474,https://twitter.com/Dizzleman1008/status/1296886306824388608,,https://twitter.com/Dizzleman1008,1598036765000,2020-08-21 19:6:5,I thought it was a GTA promo...,null,,,,No,,,,
Post,,https://twitter.com/thekillers/status/1296825571561705474,https://twitter.com/crixlee/status/1296887740311592960,,https://twitter.com/crixlee,1598037106000,2020-08-21 19:11:46,"I love you,",null,,,,No,,,,
Post,,https://twitter.com/thekillers/status/1296825571561705474,https://twitter.com/VenholaMatters/status/1296887999959973888,,https://twitter.com/VenholaMatters,1598037168000,2020-08-21 19:12:48,Worst album to date. What is this christian pop ,null,,,,No,,,,
Post,,https://twitter.com/thekillers/status/1296825571561705474,https://twitter.com/ChrissyCmc/status/1296888637582225408,,https://twitter.com/ChrissyCmc,1598037320000,2020-08-21 19:15:20,"@AandGShow
",null,,,,No,,,,
Post,,https://twitter.com/thekillers/status/1296825571561705474,https://twitter.com/jamanders5468/status/1296890687292493825,,https://twitter.com/jamanders5468,1598037809000,2020-08-21 19:23:29,Loving this new music so much!  Just what we needed.,null,,,,No,,,,
Post,,https://twitter.com/thekillers/status/1296825571561705474,https://twitter.com/JohnWil77845163/status/1296891661558132738,,https://twitter.com/JohnWil77845163,1598038041000,2020-08-21 19:27:21,love love love ,null,,,,No,,,,
Post,,https://twitter.com/thekillers/status/1296825571561705474,https://twitter.com/Johnny_NoogaArt/status/1296896678826594304,,https://twitter.com/Johnny_NoogaArt,1598039238000,2020-08-21 19:47:18,Awesome album!! An all songer!! Been awhile since that’s happened. Always nice to boast on my Vegas boys!! #LasVegas #LasVegasNatives,null,,,,No,,,,
Post,,https://twitter.com/thekillers/status/1296825571561705474,https://twitter.com/junealebon/status/1296897260693970947,,https://twitter.com/junealebon,1598039376000,2020-08-21 19:49:36,So proud of you guys what a brilliant album.,null,,,,No,,,,
Post,,https://twitter.com/thekillers/status/1296825571561705474,https://twitter.com/rock_all_u_got/status/1296897489602318342,,https://twitter.com/rock_all_u_got,1598039431000,2020-08-21 19:50:31,"it's very good. We've been fed well, thanks.",null,,,,No,,,,
Post,,https://twitter.com/thekillers/status/1296825571561705474,https://twitter.com/Tionia/status/1296898007107952641,,https://twitter.com/Tionia,1598039554000,2020-08-21 19:52:34,Next time at least 20 seconds please...,null,,,,No,,,,
